"","Temp","Nutrients","emmean","SE","df","lower.CL","upper.CL",".group"
"2",31,"HN",-0.0177957307782728,0.020663472090011,21.7949781532809,-0.0606725334333156,0.0250810718767701," 1  "
"4",31,"LN",0.0367508886076836,0.0203734889018117,21.9814956298421,-0.00550320365264388,0.0790049808680111," 12 "
"1",28,"HN",0.0432207551050485,0.018153070436359,14.5273082142297,0.00441845902079712,0.0820230511892999,"  23"
"3",28,"LN",0.0977673744910049,0.0173289164426409,12.435108665875,0.0601569134085855,0.135377835573424,"   3"
