"","Temp","Nutrients","emmean","SE","df","lower.CL","upper.CL",".group"
"3",28,"LN",0.902222403531453,0.0173289426598308,12.4351086659049,0.864611885547586,0.93983292151532," 1  "
"1",28,"HN",0.956769420397728,0.0181530979004269,14.5273082142329,0.917967065608869,0.995571775186588," 12 "
"4",31,"LN",0.963242808252333,0.0203735197251498,21.9814956298686,0.920988652065198,1.00549696443947,"  23"
"2",31,"HN",1.01778982511861,0.0206635033520745,21.7949781532947,0.974912957594637,1.06066669264258,"   3"
