"","Genotype","MeanSH","SD"
"1","A",0.0527422265260539,0.0149761568803384
"2","C",0.213789087415921,0.0455208760552637
"3","D",0.151401427507381,0.0251592958985534
