"","Nutrients","emmean","SE","df","lower.CL","upper.CL",".group"
"2","LN",0.124456064748028,0.0449077560392127,2.01792349975188,-0.0671310472182602,0.316043176714317," 1 "
"1","HN",0.146546272686698,0.0449077560392127,2.01792349975188,-0.0450408392795905,0.338133384652986,"  2"
