"","Nutrients","MeanSH","SD"
"1","HN",0.140817550162124,0.0761788939283491
"2","LN",0.12794714332363,0.0714007619073699
