"","Nutrients","Temperature","emmean","SE","df","lower.CL","upper.CL",".group"
"4","LN","31",0.634718439183122,0.0146593274782244,2.02333874048083,0.572336538503079,0.697100339863165," 1   "
"3","HN","31",0.640570641197091,0.0146597715467638,2.02358162155372,0.57819391679277,0.702947365601411,"  2  "
"2","LN","28",0.650488925430532,0.0146582678377782,2.02275376250839,0.588094505988434,0.712883344872631,"   3 "
"1","HN","28",0.656341127444501,0.0146603692606927,2.02391421505865,0.59397153163088,0.718710723258122,"    4"
