"","Nutrients","TP","emmean","SE","df","lower.CL","upper.CL",".group"
"3","HN","T2",0.317332813861942,0.0660019456868392,4.29749496649858,0.138978173073579,0.495687454650304," 1  "
"4","LN","T2",0.474367444887098,0.0659705820199296,4.29507735300754,0.296061309183849,0.652673580590347,"  2 "
"1","HN","T1",0.553248603335625,0.0660019456868395,4.29749496649869,0.374893962547263,0.731603244123986,"  2 "
"2","LN","T1",0.710283234360781,0.0659705820199298,4.29507735300754,0.531977098657532,0.88858937006403,"   3"
